,AGE,SEX,BMI,MAP,TC,LDL,HDL,TCH,LTG,GLU,Y
count,442.0,442.0,442.0,442.0,442.0,442.0,442.0,442.0,442.0,442.0,442.0
mean,48.51809954751131,1.4683257918552035,26.37579185520364,94.64701357466065,189.14027149321268,115.43914027149319,49.78846153846154,4.070248868778281,4.641410859728506,91.26018099547511,152.13348416289594
std,13.109027822041087,0.49956117043535386,4.4181215606157735,13.831283419783,34.60805167504308,30.413080969276532,12.934202154863332,1.2904498966082774,0.5223905610694908,11.496334739334165,77.09300453299109
min,19.0,1.0,18.0,62.0,97.0,41.6,22.0,2.0,3.2581,58.0,25.0
25%,38.25,1.0,23.2,84.0,164.25,96.05,40.25,3.0,4.2767,83.25,87.0
50%,50.0,1.0,25.7,93.0,186.0,113.0,48.0,4.0,4.62005,91.0,140.5
75%,59.0,2.0,29.275000000000002,105.0,209.75,134.5,57.75,5.0,4.9972,98.0,211.5
max,79.0,2.0,42.2,133.0,301.0,242.4,99.0,9.09,6.107,124.0,346.0
