,AGE,SEX,BMI,MAP,TC,LDL,HDL,TCH,LTG,GLU,Y
count,442.0,442.0,442.0,442.0,442.0,442.0,442.0,442.0,442.0,442.0,442.0
mean,0.49196832580316735,0.4683257918552036,0.34610710144343915,0.45981709258597336,0.45166799752036213,0.3677248021199096,0.3608891110565605,0.2919956092873295,0.4855596405090495,0.5039421363076927,0.39605446779864256
std,0.21848379702763118,0.4995611704353539,0.18256700662953695,0.19480680872995038,0.1696473121336719,0.1514595665989653,0.16797665123209238,0.18200985839618475,0.1833657064063418,0.1741868900056803,0.24016512316396293
min,0.0,0.0,0.0,0.0,0.0,0.0,0.0,0.0,0.0,0.0,0.0
25%,0.3208333335,0.0,0.214876033,0.309859155,0.329656863,0.271165339,0.23701298725,0.141043724,0.35754150700000004,0.38257575775,0.193146417
50%,0.5166666670000001,0.0,0.318181818,0.436619718,0.43627451,0.355577689,0.33766233799999995,0.282087447,0.47806170800000003,0.5,0.35981308450000005
75%,0.666666667,1.0,0.465909091,0.6056338029999999,0.55269607875,0.462649402,0.46428571475,0.42313117100000003,0.610446137,0.606060606,0.58099688475
max,1.0,1.0,1.0,1.0,1.0,1.0,1.0,1.0,1.0,1.0,1.0
